{"ess": [1.013927553183245, 1.0174533648554915, 1.0412394935009224, 2.4949312374001127, 6.2929426912508335, 11.65507072742681, 5.828832173607511, 22.473944508710574, 12.562525975079804, 21.055203650644224, 27.870441999531998, 8.904572279459884, 81.59943669522748, 122.66099247727779, 137.99212406627868, 72.6887352469152, 208.40197188373787, 368.38621520977017, 277.7350165019557, 183.11841719829118, 256.5679633052945, 347.82141619248296, 428.3650667785298, 78.48065486287729, 873.4926256726038, 774.668038959732, 819.536601874344, 1056.1160376781027, 903.0642691743985, 963.1969339952941, 1011.3325646054795, 1198.482881548284, 1237.158966969495, 1076.699082291606, 1562.8256751906652, 1257.898148583043, 1533.6262841043913, 926.9039202161524, 1838.6038550094397, 1805.6053866818488, 1675.5353198917876, 2052.569172171456, 1918.7786881548273, 1852.4360298986567, 2183.2454741208053, 2205.538123958749, 2449.4358492408687, 2110.4309469581544, 1583.7526002418113, 2023.7143076772643, 2215.491196195684, 2552.2837771960253, 2162.001327899565, 2781.742844855127, 2972.0306111554605, 1430.8643108369984, 2033.6580021544212, 2626.390423378541, 2696.1469845915394, 2872.6841805180006, 2488.693449122213, 3367.4138085347604, 3373.9778598853186, 3349.086545699963, 3055.6848243169925, 3332.7582956524893, 3459.7169972954434, 3543.1877021915557, 3309.268610760226, 3499.899854831761, 3441.3247683005507, 3748.3385315013834, 3614.782185254097, 3673.7526857376856, 3328.040269723946, 3642.2738067719706, 3624.798860669779, 3664.4863538157006, 4116.27193648709, 3997.90866317915, 4190.655331928602, 4410.521490278543, 3991.924456154366, 4412.30773477659, 4363.996214031204, 4378.2507902530215, 4535.169329093888, 4400.629606742869, 4257.738103461493, 4355.2491701709705, 4413.257335160798, 4633.277757347801, 4788.114579981699, 4873.779322535034, 4970.386102960857, 4697.950825821783, 4776.547649862407, 4476.675409804254, 4961.15211274819, 5082.760639588748, 4945.631720177679, 5113.40736801989, 5054.057157676281, 5046.351437284108], "l": [2, 10, 20, 30, 40, 50, 60, 70, 80, 90, 100, 110, 120, 130, 140, 150, 160, 170, 180, 190, 200, 210, 220, 230, 240, 250, 260, 270, 280, 290, 300, 310, 320, 330, 340, 350, 360, 370, 380, 390, 400, 410, 420, 430, 440, 450, 460, 470, 480, 490, 500, 510, 520, 530, 540, 550, 560, 570, 580, 590, 600, 610, 620, 630, 640, 650, 660, 670, 680, 690, 700, 710, 720, 730, 740, 750, 760, 770, 780, 790, 800, 810, 820, 830, 840, 850, 860, 870, 880, 890, 900, 910, 920, 930, 940, 950, 960, 970, 980, 990, 1000, 1010, 1020, 1024], "noise_level": 0.7125568599938297, "sample_size": 10000}